<?xml version="1.0" encoding="UTF-8"?>
<project-private xmlns="http://www.netbeans.org/ns/project-private/1">
    <editor-bookmarks xmlns="http://www.netbeans.org/ns/editor-bookmarks/2" lastBookmarkId="0"/>
    <open-files xmlns="http://www.netbeans.org/ns/projectui-open-files/2">
        <group>
            <file>file:/C:/khushi/unit_1/src/unit_1/leap_year.java</file>
            <file>file:/C:/khushi/unit_1/src/unit_1/find_vowels.java</file>
            <file>file:/C:/khushi/unit_1/src/unit_1/helloworld.java</file>
            <file>file:/C:/khushi/unit_1/src/unit_1/java_variables.java</file>
        </group>
    </open-files>
</project-private>
